"customer_anon","orders_count","total_spent"
"Customer_340","1","47560.00"
"Customer_200","5","120830.00"
"Customer_102","6","274565.00"
"Customer_608","1","9000.00"
"Customer_475","2","25260.00"
"Customer_459","2","27240.00"
"Customer_184","5","139158.00"
"Customer_525","3","18250.00"
"Customer_15","10","1581249.40"
"Customer_33","18","804576.00"
"Customer_323","1","53020.00"
"Customer_362","1","41950.00"
"Customer_72","5","404003.00"
"Customer_403","2","33575.00"
"Customer_194","6","127825.00"
"Customer_255","2","80704.00"
"Customer_382","3","37250.00"
"Customer_88","21","331633.00"
"Customer_387","3","36370.00"
"Customer_121","4","242140.00"
"Customer_207","7","112090.00"
"Customer_62","20","457401.00"
"Customer_342","1","47510.00"
"Customer_416","1","31880.00"
"Customer_35","34","755024.00"
"Customer_503","3","20990.00"
"Customer_471","5","25833.00"
"Customer_139","3","217194.00"
"Customer_383","3","37150.00"
"Customer_333","1","49311.00"
"Customer_276","5","70110.00"
"Customer_344","2","46400.00"
"Customer_143","12","211901.00"
"Customer_27","43","988907.00"
"Customer_603","1","9450.00"
"Customer_625","1","7762.00"
"Customer_277","4","69603.00"
"Customer_219","3","99476.00"
"Customer_206","17","115205.00"
"Customer_103","10","273685.00"
"Customer_217","6","102411.00"
"Customer_183","2","140500.00"
"Customer_582","1","13060.00"
"Customer_565","1","14270.00"
"Customer_134","3","227010.00"
"Customer_244","5","84728.00"
"Customer_672","1","1580.00"
"Customer_363","1","41790.00"
"Customer_26","10","992527.00"
"Customer_48","9","584567.00"
"Customer_352","1","44660.00"
"Customer_77","18","381080.00"
"Customer_651","1","3890.00"
"Customer_580","1","13120.00"
"Customer_329","1","49780.00"
"Customer_110","14","261423.00"
"Customer_211","13","107010.00"
"Customer_445","2","28177.00"
"Customer_369","1","39920.00"
"Customer_500","1","21180.00"
"Customer_397","2","34170.00"
"Customer_2","105","8137496.50"
"Customer_562","2","14622.00"
"Customer_367","3","41120.00"
"Customer_67","14","444980.00"
"Customer_284","1","67430.00"
"Customer_434","1","30190.00"
"Customer_656","1","3420.00"
"Customer_543","1","16030.00"
"Customer_100","7","280659.00"
"Customer_159","5","175372.00"
"Customer_60","17","478501.00"
"Customer_672","1","1580.00"
"Customer_302","1","60410.00"
"Customer_398","1","34090.00"
"Customer_39","30","686058.00"
"Customer_264","1","74680.00"
"Customer_204","3","116019.00"
"Customer_587","2","12030.00"
"Customer_253","2","81293.00"
"Customer_138","7","218429.00"
"Customer_481","2","24410.00"
"Customer_432","4","30580.00"
"Customer_286","2","66390.00"
"Customer_332","1","49540.00"
"Customer_311","3","58499.00"
"Customer_256","1","80640.00"
"Customer_19","31","1152562.50"
"Customer_380","5","37790.00"
"Customer_611","1","8930.00"
"Customer_451","1","27740.00"
"Customer_574","1","13390.00"
"Customer_400","1","33984.00"
"Customer_142","4","213120.00"
"Customer_41","26","681101.00"
"Customer_43","13","648384.00"
"Customer_663","1","3090.00"
"Customer_155","4","191288.00"
"Customer_316","1","54960.00"
"Customer_524","1","18260.00"
"Customer_318","2","54640.00"
"Customer_5","153","3029066.00"
"Customer_604","1","9390.00"
"Customer_453","3","27690.00"
"Customer_28","28","972259.40"
"Customer_11","81","1742456.00"
"Customer_480","1","24700.00"
"Customer_172","3","155800.00"
"Customer_426","2","30920.00"
"Customer_522","2","18350.00"
"Customer_590","1","11610.00"
"Customer_563","1","14454.00"
"Customer_670","1","2100.00"
"Customer_86","3","332830.00"
"Customer_559","1","14800.00"
"Customer_473","1","25450.00"
"Customer_242","3","86580.00"
"Customer_181","4","142100.00"
"Customer_203","6","117906.00"
"Customer_69","1","419688.00"
"Customer_349","3","45608.00"
"Customer_540","1","16140.00"
"Customer_523","1","18340.00"
"Customer_353","1","44200.00"
"Customer_337","3","48400.00"
"Customer_555","1","15390.00"
"Customer_407","1","33170.00"
"Customer_370","1","39700.00"
"Customer_385","1","36710.00"
"Customer_96","10","295186.00"
"Customer_93","2","306171.00"
"Customer_319","5","53769.00"
"Customer_485","3","23760.00"
"Customer_141","6","213283.00"
"Customer_74","17","390410.00"
"Customer_634","1","6010.00"
"Customer_73","28","394695.00"
"Customer_661","1","3250.00"
"Customer_486","1","23580.00"
"Customer_430","1","30683.00"
"Customer_50","11","577593.00"
"Customer_381","2","37450.00"
"Customer_597","2","10670.00"
"Customer_336","2","48490.00"
"Customer_360","1","42170.00"
"Customer_272","1","71240.00"
"Customer_328","1","50160.00"
"Customer_371","2","39501.00"
"Customer_168","11","160994.00"
"Customer_515","1","19290.00"
"Customer_543","1","16030.00"
"Customer_664","1","3000.00"
"Customer_61","6","471468.00"
"Customer_442","1","28350.00"
"Customer_564","1","14310.00"
"Customer_309","1","58650.00"
"Customer_514","1","19370.00"
"Customer_187","3","136890.00"
"Customer_37","17","696594.00"
"Customer_58","7","500538.00"
"Customer_285","2","67090.00"
"Customer_322","2","53110.00"
"Customer_317","2","54890.00"
"Customer_263","3","74846.00"
"Customer_429","1","30740.00"
"Customer_6","153","2910328.00"
"Customer_214","2","105430.00"
"Customer_414","1","32300.00"
"Customer_18","21","1226529.50"
"Customer_91","8","312165.00"
"Customer_600","2","9887.00"
"Customer_440","3","29109.00"
"Customer_585","1","12500.00"
"Customer_46","21","597646.50"
"Customer_419","4","31560.00"
"Customer_252","3","81886.00"
"Customer_645","1","4710.00"
"Customer_232","3","92667.00"
"Customer_348","2","45764.00"
"Customer_646","1","4660.00"
"Customer_568","2","13900.00"
"Customer_520","4","18490.00"
"Customer_240","3","88687.00"
"Customer_551","1","15670.00"
"Customer_164","3","164406.00"
"Customer_171","12","158710.00"
"Customer_612","1","8820.00"
"Customer_95","16","299228.00"
"Customer_338","3","48320.00"
"Customer_221","2","99260.00"
"Customer_271","1","71400.00"
"Customer_17","39","1315723.00"
"Customer_626","1","7620.00"
"Customer_413","1","32490.00"
"Customer_260","3","77234.00"
"Customer_258","1","77520.00"
"Customer_210","6","110493.00"
"Customer_492","1","22300.00"
"Customer_266","4","74180.00"
"Customer_243","4","84872.00"
"Customer_90","13","318875.50"
"Customer_16","53","1508920.00"
"Customer_75","4","386940.00"
"Customer_460","1","27220.00"
"Customer_494","1","22130.00"
"Customer_373","8","38990.00"
"Customer_624","1","7810.00"
"Customer_292","1","63310.00"
"Customer_570","1","13750.00"
"Customer_499","1","21260.00"
"Customer_84","13","336412.00"
"Customer_490","1","22780.00"
"Customer_628","1","7340.00"
"Customer_640","1","5160.00"
"Customer_631","1","6410.00"
"Customer_583","1","12920.00"
"Customer_558","1","15070.00"
"Customer_418","1","31600.00"
"Customer_423","3","31140.00"
"Customer_580","1","13120.00"
"Customer_222","2","99218.00"
"Customer_291","2","64070.00"
"Customer_404","2","33360.00"
"Customer_374","1","38780.00"
"Customer_530","1","17360.00"
"Customer_669","1","2210.00"
"Customer_166","4","162761.00"
"Customer_315","2","55343.00"
"Customer_599","1","10170.00"
"Customer_368","1","40110.00"
"Customer_161","7","173159.00"
"Customer_59","12","482950.00"
"Customer_356","3","43900.00"
"Customer_509","1","19680.00"
"Customer_501","3","21080.00"
"Customer_330","1","49680.00"
"Customer_231","3","92870.00"
"Customer_3","755","4635824.63"
"Customer_42","25","660470.00"
"Customer_89","15","324980.80"
"Customer_157","8","189050.00"
"Customer_83","23","337561.00"
"Customer_31","25","904917.00"
"Customer_386","1","36390.00"
"Customer_513","1","19380.00"
"Customer_290","2","64260.00"
"Customer_189","2","136380.00"
"Customer_521","1","18382.00"
"Customer_508","1","20026.00"
"Customer_384","3","37120.00"
"Customer_257","3","78485.00"
"Customer_598","1","10206.00"
"Customer_665","1","2980.00"
"Customer_402","3","33650.00"
"Customer_320","1","53751.00"
"Customer_201","8","119451.00"
"Customer_584","1","12530.00"
"Customer_193","9","127869.00"
"Customer_226","4","93335.00"
"Customer_212","6","106917.00"
"Customer_377","1","38000.00"
"Customer_358","2","42750.00"
"Customer_648","1","4390.00"
"Customer_446","1","28020.00"
"Customer_639","1","5340.00"
"Customer_673","1","1400.00"
"Customer_527","1","17910.00"
"Customer_619","1","8290.00"
"Customer_493","1","22170.00"
"Customer_208","7","112082.00"
"Customer_254","1","81163.00"
"Customer_109","9","266453.00"
"Customer_45","1","611100.00"
"Customer_334","1","48910.00"
"Customer_38","28","694987.00"
"Customer_209","4","111936.00"
"Customer_282","3","68380.00"
"Customer_572","1","13510.00"
"Customer_224","6","98820.00"
"Customer_392","1","34840.00"
"Customer_452","1","27710.00"
"Customer_456","1","27480.00"
"Customer_421","1","31400.00"
"Customer_296","2","61990.00"
"Customer_577","1","13320.00"
"Customer_314","3","56950.00"
"Customer_64","8","453777.00"
"Customer_617","2","8400.00"
"Customer_115","11","253156.00"
"Customer_10","66","1907076.00"
"Customer_644","1","4850.00"
"Customer_589","1","11820.00"
"Customer_196","6","125373.00"
"Customer_195","1","127480.00"
"Customer_553","1","15500.00"
"Customer_346","3","45974.00"
"Customer_198","6","121138.00"
"Customer_498","1","21390.00"
"Customer_528","2","17890.00"
"Customer_566","1","14190.00"
"Customer_236","2","89644.00"
"Customer_560","1","14760.00"
"Customer_640","1","5160.00"
"Customer_458","2","27390.00"
"Customer_156","4","189900.00"
"Customer_654","1","3795.00"
"Customer_220","6","99375.00"
"Customer_53","36","520879.00"
"Customer_425","1","30930.00"
"Customer_504","1","20930.00"
"Customer_621","1","8170.00"
"Customer_393","1","34780.00"
"Customer_270","4","71590.00"
"Customer_474","2","25380.00"
"Customer_185","3","138266.00"
"Customer_273","11","70618.00"
"Customer_626","1","7620.00"
"Customer_52","1","539979.00"
"Customer_406","1","33240.00"
"Customer_536","1","16820.00"
"Customer_590","1","11610.00"
"Customer_652","1","3860.00"
"Customer_278","1","69363.00"
"Customer_1","532","20529943.00"
"Customer_462","1","26850.00"
"Customer_594","1","11130.00"
"Customer_405","1","33270.00"
"Customer_14","31","1604521.30"
"Customer_668","1","2500.00"
"Customer_359","1","42399.00"
"Customer_388","1","35830.00"
"Customer_439","1","29310.00"
"Customer_140","4","216799.00"
"Customer_350","3","44890.00"
"Customer_250","3","82058.00"
"Customer_180","7","143843.00"
"Customer_87","12","332269.00"
"Customer_173","12","153849.00"
"Customer_392","1","34840.00"
"Customer_295","3","62330.00"
"Customer_251","1","81940.00"
"Customer_365","2","41510.00"
"Customer_56","15","505605.00"
"Customer_410","1","32760.00"
"Customer_351","3","44690.00"
"Customer_177","3","150191.00"
"Customer_493","1","22170.00"
"Customer_531","1","17330.00"
"Customer_650","1","3950.00"
"Customer_467","1","26100.00"
"Customer_413","1","32490.00"
"Customer_246","3","82910.00"
"Customer_670","1","2100.00"
"Customer_506","1","20810.00"
"Customer_40","7","685648.00"
"Customer_148","20","199960.00"
"Customer_57","10","504319.00"
"Customer_448","1","27900.00"
"Customer_215","6","104793.00"
"Customer_7","118","2416620.00"
"Customer_602","1","9510.00"
"Customer_378","1","37930.00"
"Customer_237","3","89310.00"
"Customer_186","6","136930.00"
"Customer_47","36","594502.00"
"Customer_287","3","65910.00"
"Customer_593","1","11230.00"
"Customer_623","1","8110.00"
"Customer_613","1","8800.00"
"Customer_8","138","2313129.00"
"Customer_341","10","47522.00"
"Customer_66","9","446316.00"
"Customer_235","5","90162.00"
"Customer_581","1","13080.00"
"Customer_635","1","6000.00"
"Customer_637","1","5490.00"
"Customer_564","1","14310.00"
"Customer_433","1","30480.00"
"Customer_101","10","275068.00"
"Customer_477","1","25065.00"
"Customer_610","1","8950.00"
"Customer_279","3","69220.00"
"Customer_78","12","376876.10"
"Customer_262","8","75836.00"
"Customer_169","8","159094.00"
"Customer_528","2","17890.00"
"Customer_275","9","70360.00"
"Customer_662","1","3180.00"
"Customer_107","6","269783.00"
"Customer_394","2","34740.00"
"Customer_516","1","19090.00"
"Customer_586","1","12240.00"
"Customer_150","11","197110.00"
"Customer_68","17","443795.00"
"Customer_547","1","15860.00"
"Customer_505","1","20910.00"
"Customer_163","7","164697.00"
"Customer_660","1","3260.00"
"Customer_144","6","209464.00"
"Customer_228","4","93129.00"
"Customer_80","11","354403.00"
"Customer_561","1","14670.00"
"Customer_22","41","1108084.00"
"Customer_649","1","4180.00"
"Customer_130","16","229066.00"
"Customer_399","1","34020.00"
"Customer_30","48","910124.00"
"Customer_484","1","23850.00"
"Customer_539","2","16190.00"
"Customer_549","1","15760.00"
"Customer_396","2","34220.00"
"Customer_620","1","8210.00"
"Customer_283","3","68350.00"
"Customer_540","1","16140.00"
"Customer_361","2","42130.00"
"Customer_659","1","3360.00"
"Customer_512","1","19494.00"
"Customer_461","1","27190.00"
"Customer_225","6","97261.00"
"Customer_20","18","1132744.00"
"Customer_325","1","52020.00"
"Customer_534","1","16990.00"
"Customer_518","1","18900.00"
"Customer_129","2","229233.00"
"Customer_517","3","19060.00"
"Customer_372","2","39100.00"
"Customer_510","1","19620.00"
"Customer_117","8","248810.00"
"Customer_298","4","61180.00"
"Customer_391","1","35080.00"
"Customer_463","1","26680.00"
"Customer_357","6","42890.00"
"Customer_154","6","191632.00"
"Customer_213","2","106320.00"
"Customer_79","13","363360.00"
"Customer_618","1","8340.00"
"Customer_526","1","18000.00"
"Customer_571","1","13563.00"
"Customer_63","9","453924.00"
"Customer_24","28","1084847.70"
"Customer_401","1","33660.00"
"Customer_636","1","5832.00"
"Customer_507","1","20309.00"
"Customer_627","1","7480.00"
"Customer_267","3","73790.00"
"Customer_153","9","193100.00"
"Customer_653","1","3820.00"
"Customer_280","3","69120.00"
"Customer_438","1","29420.00"
"Customer_308","1","58810.00"
"Customer_443","1","28300.00"
"Customer_44","17","637628.60"
"Customer_179","4","145617.00"
"Customer_300","3","60496.00"
"Customer_305","2","59440.00"
"Customer_298","2","61180.00"
"Customer_479","3","24760.00"
"Customer_578","6","13150.00"
"Customer_274","3","70430.00"
"Customer_132","14","227552.50"
"Customer_133","14","227514.20"
"Customer_364","1","41630.00"
"Customer_408","4","33070.00"
"Customer_307","2","59170.00"
"Customer_126","3","239638.00"
"Customer_331","4","49600.00"
"Customer_630","1","6840.00"
"Customer_347","3","45780.00"
"Customer_389","3","35770.00"
"Customer_94","6","300587.00"
"Customer_431","1","30680.00"
"Customer_533","1","17080.00"
"Customer_412","1","32620.00"
"Customer_629","1","7220.00"
"Customer_119","14","248241.00"
"Customer_81","17","352892.00"
"Customer_190","3","135059.00"
"Customer_136","4","219530.00"
"Customer_476","2","25080.00"
"Customer_488","1","23410.00"
"Customer_422","5","31220.00"
"Customer_234","4","91471.00"
"Customer_594","1","11130.00"
"Customer_343","1","46740.00"
"Customer_379","1","37890.00"
"Customer_428","2","30760.00"
"Customer_324","2","52730.00"
"Customer_123","8","241182.40"
"Customer_537","1","16628.00"
"Customer_529","2","17400.00"
"Customer_218","1","101820.00"
"Customer_230","3","92900.00"
"Customer_632","1","6350.00"
"Customer_564","1","14310.00"
"Customer_483","3","23900.00"
"Customer_174","6","153391.50"
"Customer_596","1","10990.00"
"Customer_239","1","89130.00"
"Customer_51","24","565626.00"
"Customer_420","1","31430.00"
"Customer_32","20","900665.00"
"Customer_567","2","14130.00"
"Customer_607","1","9240.00"
"Customer_505","4","20910.00"
"Customer_495","1","21990.00"
"Customer_149","12","197597.00"
"Customer_658","1","3390.00"
"Customer_609","2","8970.00"
"Customer_297","1","61840.00"
"Customer_105","16","271283.00"
"Customer_229","3","92970.00"
"Customer_294","7","63121.00"
"Customer_579","1","13130.00"
"Customer_444","1","28250.00"
"Customer_569","1","13860.00"
"Customer_435","1","30000.00"
"Customer_327","3","51130.00"
"Customer_192","2","130518.00"
"Customer_496","1","21710.00"
"Customer_633","1","6071.00"
"Customer_541","1","16060.00"
"Customer_108","9","268598.00"
"Customer_167","15","161914.00"
"Customer_641","1","4940.00"
"Customer_321","1","53730.00"
"Customer_576","1","13350.00"
"Customer_595","1","11120.00"
"Customer_23","34","1090602.00"
"Customer_464","3","26530.00"
"Customer_265","1","74439.00"
"Customer_76","11","385457.00"
"Customer_551","1","15670.00"
"Customer_71","10","408213.00"
"Customer_497","1","21560.00"
"Customer_202","2","118534.00"
"Customer_301","2","60440.00"
"Customer_466","5","26130.00"
"Customer_449","1","27890.00"
"Customer_534","1","16990.00"
"Customer_199","3","120990.00"
"Customer_502","1","21000.00"
"Customer_124","7","241074.00"
"Customer_113","8","254520.00"
"Customer_581","1","13080.00"
"Customer_437","1","29600.00"
"Customer_482","1","24390.00"
"Customer_160","4","174249.00"
"Customer_65","12","448998.00"
"Customer_288","1","65270.00"
"Customer_592","1","11310.00"
"Customer_637","1","5490.00"
"Customer_197","4","121784.00"
"Customer_456","1","27480.00"
"Customer_606","5","9250.00"
"Customer_519","1","18800.00"
"Customer_135","3","219874.00"
"Customer_116","3","250660.00"
"Customer_259","3","77380.00"
"Customer_472","1","25510.00"
"Customer_470","1","25940.00"
"Customer_465","1","26240.00"
"Customer_614","1","8580.00"
"Customer_127","10","237751.00"
"Customer_546","1","15980.00"
"Customer_21","15","1123457.00"
"Customer_417","1","31698.00"
"Customer_9","84","2279107.50"
"Customer_622","1","8160.00"
"Customer_289","24","64664.00"
"Customer_120","8","243044.00"
"Customer_227","4","93303.00"
"Customer_447","2","27963.00"
"Customer_556","1","15282.00"
"Customer_104","5","271539.00"
"Customer_468","1","26080.00"
"Customer_345","2","46198.00"
"Customer_412","1","32620.00"
"Customer_409","1","32990.00"
"Customer_335","1","48550.00"
"Customer_366","1","41270.00"
"Customer_216","4","102726.00"
"Customer_545","2","15987.00"
"Customer_34","14","772418.00"
"Customer_605","1","9272.00"
"Customer_339","3","48310.00"
"Customer_487","1","23460.00"
"Customer_205","2","115507.00"
"Customer_573","1","13500.00"
"Customer_511","1","19600.00"
"Customer_12","50","1691981.00"
"Customer_248","1","82370.00"
"Customer_49","17","582064.00"
"Customer_660","1","3260.00"
"Customer_29","37","955169.00"
"Customer_152","5","196032.00"
"Customer_615","1","8550.00"
"Customer_98","13","286136.00"
"Customer_538","1","16510.00"
"Customer_534","1","16990.00"
"Customer_175","6","152527.00"
"Customer_671","1","1680.00"
"Customer_413","1","32490.00"
"Customer_427","1","30900.00"
"Customer_455","1","27600.00"
"Customer_147","5","203668.00"
"Customer_497","1","21560.00"
"Customer_457","1","27430.00"
"Customer_655","1","3650.00"
"Customer_82","9","344660.00"
"Customer_85","20","334516.00"
"Customer_261","3","76873.00"
"Customer_469","1","26050.00"
"Customer_92","6","308000.00"
"Customer_575","1","13380.00"
"Customer_513","1","19380.00"
"Customer_616","1","8540.00"
"Customer_249","4","82183.00"
"Customer_165","14","163401.00"
"Customer_281","3","68770.00"
"Customer_483","1","23900.00"
"Customer_355","4","43910.00"
"Customer_223","7","98900.00"
"Customer_111","1","260940.00"
"Customer_25","12","1025588.00"
"Customer_158","11","180589.00"
"Customer_390","1","35760.00"
"Customer_588","1","11840.00"
"Customer_436","1","29850.00"
"Customer_441","3","29100.00"
"Customer_146","2","204480.00"
"Customer_591","2","11460.00"
"Customer_303","1","59880.00"
"Customer_550","1","15740.00"
"Customer_268","1","72840.00"
"Customer_376","1","38475.00"
"Customer_450","1","27850.00"
"Customer_642","1","4900.00"
"Customer_293","5","63126.00"
"Customer_55","28","510576.60"
"Customer_145","15","205047.00"
"Customer_304","3","59740.00"
"Customer_552","1","15510.00"
"Customer_233","2","92610.00"
"Customer_122","14","241316.00"
"Customer_70","9","412841.00"
"Customer_326","3","51170.00"
"Customer_13","15","1621459.10"
"Customer_313","5","57425.00"
"Customer_191","5","133650.00"
"Customer_99","14","281982.00"
"Customer_54","36","512150.00"
"Customer_118","15","248597.00"
"Customer_312","1","58420.00"
"Customer_657","1","3410.00"
"Customer_395","1","34710.00"
"Customer_404","2","33360.00"
"Customer_114","8","253998.00"
"Customer_106","4","270110.00"
"Customer_535","1","16840.00"
"Customer_182","2","141816.00"
"Customer_666","1","2690.00"
"Customer_647","1","4540.00"
"Customer_478","2","24900.00"
"Customer_554","2","15430.00"
"Customer_97","11","287900.00"
"Customer_491","1","22330.00"
"Customer_454","1","27620.00"
"Customer_188","7","136696.00"
"Customer_162","9","170072.00"
"Customer_4","128","3183022.00"
"Customer_411","3","32730.00"
"Customer_306","2","59220.00"
"Customer_176","9","150944.00"
"Customer_112","14","256932.00"
"Customer_637","1","5490.00"
"Customer_245","3","84250.00"
"Customer_137","5","218833.00"
"Customer_548","1","15810.00"
"Customer_125","5","240418.00"
"Customer_375","1","38580.00"
"Customer_151","10","196151.00"
"Customer_544","3","16000.00"
"Customer_269","2","72530.00"
"Customer_178","9","148239.00"
"Customer_532","1","17271.00"
"Customer_36","37","747201.00"
"Customer_542","1","16050.00"
"Customer_601","1","9560.00"
"Customer_310","3","58510.00"
"Customer_299","1","60560.00"
"Customer_638","1","5380.00"
"Customer_489","1","23340.00"
"Customer_128","22","234053.00"
"Customer_238","2","89142.00"
"Customer_557","1","15220.00"
"Customer_415","1","32150.00"
"Customer_424","1","31100.00"
"Customer_247","2","82594.00"
"Customer_354","3","44070.00"
"Customer_170","1","158870.00"
"Customer_643","1","4870.00"
"Customer_131","5","228647.00"
"Customer_667","1","2660.00"
"Customer_241","2","88030.00"
